email_id,type,tone,domain,subject,body,reference_summary
E01,single,formal,business,"Q3 Budget Review — Action Required","Dear Sarah,\n\nI hope this message finds you well. I am writing to follow up on the Q3 budget review that was discussed during last Tuesday's leadership meeting. As you may recall, the finance committee identified three line items that require immediate attention before the end-of-quarter close on Friday.\n\nFirst, the software licensing renewals for the analytics platform ($42,000) need approval from your department by Wednesday COB. Second, the contractor invoices totaling $18,500 submitted by the operations team remain pending your sign-off. Third, we have identified a $7,200 variance in the travel expense category that will require a written explanation for audit purposes.\n\nCould you please confirm receipt of this message and advise whether a brief call tomorrow morning would be convenient to address these items? I am available between 9:00 AM and 11:00 AM EST.\n\nBest regards,\nMarcus Chen\nFinance Director","Three budget items need Sarah's attention before Friday: $42K software license approval (due Wednesday), $18.5K contractor invoice sign-off, and a $7.2K travel expense variance requiring written explanation. Marcus is available 9-11 AM tomorrow to discuss."
E02,single,urgent,operations,"URGENT: Production Server Down — All Hands","Team,\n\nOur primary production server (prod-us-east-1) went offline at 14:32 UTC. All customer-facing services are currently unavailable. This is a Severity 1 incident.\n\nCurrent status: The on-call engineer has been paged and is investigating. Initial assessment suggests a database connection pool exhaustion. We have not yet ruled out a DDoS attack.\n\nImmediate actions needed:\n- Backend team: Please join the incident bridge NOW at zoom.us/j/incident\n- DevOps: Begin failover procedure to prod-us-west-2\n- Communications: Draft customer notification for review within 15 minutes\n- Management: Executive stakeholder notification will go out at 15:00 UTC\n\nNext update in 20 minutes.\n\nTyler","Production server prod-us-east-1 down since 14:32 UTC (Sev-1). Suspected database connection pool exhaustion. Backend team to join incident bridge immediately, DevOps to initiate west-coast failover, comms team to draft customer notification within 15 minutes. Next update at 15:00 UTC."
E03,single,casual,personal,"Weekend plans?","Hey Jamie!\n\nOmg so I've been meaning to text you but work has been absolutely insane this week. We finally shipped that feature I told you about and I basically haven't slept in three days lol.\n\nAnyway! Are you free this Saturday? A few of us are thinking of going to that new ramen place on Morrison Street that everyone's been talking about — apparently the wait is like 2 hours but worth it? And then maybe we could head to the rooftop bar afterwards if the weather holds up.\n\nLet me know if you're in! Also would it be weird to invite Priya? I feel like she's been a bit left out lately and she loves ramen.\n\nHope your week was better than mine 😅\n\nAlex","Alex invites Jamie to ramen on Morrison Street this Saturday with possible rooftop bar after, and asks if it's okay to include Priya. Work has been hectic but a feature shipped."
E04,single,negative,customer_service,"Absolutely Disgusted With Your Service","To whom it may concern,\n\nI am writing to express my extreme dissatisfaction with the service I received on November 14th. I placed order #847291 three weeks ago and it has still not arrived. When I called your customer service line, I was put on hold for 47 minutes before being disconnected. I then sent two emails that went completely unanswered.\n\nThis is completely unacceptable. I have been a loyal customer for six years and have never experienced anything this appalling. The item was a birthday gift for my mother and her birthday has now passed.\n\nI expect a full refund of $89.99 immediately, plus compensation for the inconvenience this has caused. If I do not receive a response within 24 hours, I will be filing a complaint with the Better Business Bureau and disputing the charge with my credit card company.\n\nDo better.\n\nRobert Fitch","Six-year customer Robert Fitch demands immediate $89.99 refund for undelivered order #847291 (3 weeks late, missed mother's birthday gift). Previous contact attempts failed: 47-min hold then disconnection, two unanswered emails. Threatens BBB complaint and chargeback within 24 hours."
E05,single,positive,hr,"Congratulations — Promotion to Senior Engineer","Dear Priya,\n\nI am absolutely thrilled to share the wonderful news that the leadership team has unanimously approved your promotion to Senior Software Engineer, effective December 1st.\n\nThis recognition reflects your exceptional contributions over the past 18 months — particularly your leadership of the API migration project, your mentorship of three junior engineers, and your consistent delivery of high-quality work under tight deadlines. Your colleagues speak very highly of you.\n\nYour new base salary will be $145,000, and you will be eligible for the senior equity grant of 2,000 RSUs vesting over four years. Full details will follow in a formal offer letter from HR.\n\nWe are so proud to have you on the team, Priya. This is very well deserved.\n\nWith warm regards,\nDavid Park\nVP Engineering","Priya is promoted to Senior Software Engineer effective December 1st with a $145K salary and 2,000 RSU equity grant. Recognition is for leading the API migration, mentoring three junior engineers, and consistent high performance. Formal offer letter to follow from HR."
E06,single,formal,legal,"Notice of Contract Renewal — Response Required by December 15","Dear Mr. Thompson,\n\nPlease be advised that your current service agreement (Contract No. SVC-2021-0847) is scheduled to expire on January 31st of the coming year. Pursuant to Section 14.2 of the agreement, written notice of intent to renew or terminate must be received no later than 45 days prior to the expiration date.\n\nThe renewal terms are as follows: a 3-year extension at the current rate of $8,400 per annum, with a 2.5% annual escalation clause beginning in year two. Alternatively, a month-to-month arrangement is available at $850 per month.\n\nPlease respond in writing to this office by December 15th indicating your preference. Failure to respond by this date will result in automatic termination of services upon contract expiry.\n\nYours faithfully,\nPatricia Holloway\nContracts Administration","Contract SVC-2021-0847 expires January 31st. Thompson must respond in writing by December 15th: option 1 is a 3-year renewal at $8,400/year with 2.5% annual escalation from year 2; option 2 is month-to-month at $850/month. No response means automatic termination."
E07,single,casual,team,"Lunch run — who's in?","Hey all,\n\nHeading to that Thai place on 5th in about 20 mins — the one with the amazing green curry. Anyone want me to grab something?\n\nI'm doing a Pad Thai and spring rolls. Text me or reply here if you want in, I can place a group order.\n\nAlso fair warning: there's a fire drill scheduled for 2pm apparently so plan accordingly lol\n\nCheers\nSam","Sam is making a Thai lunch run in 20 minutes and can place a group order. Also flagging a 2 PM fire drill."
E08,single,urgent,finance,"Wire Transfer Authorization Needed — Closes in 2 Hours","Hi Jennifer,\n\nApologies for the short notice. The Meridian acquisition team just informed us that the escrow wire must be initiated before 4:00 PM EST today or the transaction closes at a disadvantage — we lose the favorable rate lock.\n\nThe amount is $2.35 million to First National Bank, account details in the secure DocuSign envelope I sent 10 minutes ago. This has been reviewed and approved by CFO Linda Watts and General Counsel Mark Rivera.\n\nPlease confirm receipt and initiation timeline.\n\nThank you,\nDaniel","Daniel urgently requests Jennifer initiate a $2.35M escrow wire to First National Bank before 4 PM EST to preserve the Meridian acquisition rate lock. CFO and General Counsel have approved. Account details in DocuSign. Confirmation requested."
E09,thread,formal,project_management,"Re: Re: Re: Website Redesign — Final Approval","--- Original Message (Nov 10) ---\nFrom: Claire Wong, Marketing Director\nTo: Dev Team, Design Team\n\nHi everyone, I wanted to kick off the website redesign project formally. Our target launch date is January 15th. The main goals are: modernize the visual identity, improve mobile performance scores from 67 to 90+, and reduce bounce rate by 20%. Budget approved: $45,000. Claire\n\n--- Reply (Nov 12) ---\nFrom: Ben Okafor, Lead Developer\nTo: Claire Wong\n\nHi Claire, thanks for the brief. A few concerns: January 15 is aggressive given the scope. Realistically we need 10 weeks minimum which puts us at late January. Also the mobile performance target of 90+ may require a complete rebuild of the image pipeline — that alone is 3 weeks of work. Can we discuss scope vs timeline? Ben\n\n--- Reply (Nov 14) ---\nFrom: Claire Wong\nTo: Ben Okafor\n\nHi Ben, understood on the timeline concerns. I've spoken with the CEO and we have flexibility to push to February 1st. However the mobile performance target is non-negotiable — it affects SEO ranking directly. Re: image pipeline, can we bring in a contractor to run that in parallel? Budget can stretch to $52,000 if needed. Claire\n\n--- Latest Reply (Nov 15) ---\nFrom: Ben Okafor\nTo: Claire Wong\n\nPerfect, February 1st works. With the budget increase I can bring in Maria Santos who has done our image pipeline work before. I'll have a full project plan with milestones to you by end of week. One last ask: can design have final mockups ready by November 25th so dev can start immediately after? Ben","Website redesign thread between Claire (Marketing) and Ben (Dev): Launch pushed from Jan 15 to Feb 1 due to scope. Budget increased from $45K to $52K to hire contractor Maria Santos for the image pipeline rebuild needed to hit mobile performance target of 90+. Ben will deliver project plan by end of week and needs design mockups by Nov 25."
E10,thread,casual,team,"Re: Re: Office Christmas Party Planning","--- Original (Nov 8) ---\nFrom: Tasha\nTo: Team\nHey everyone! Time to plan the office Christmas party! Last year was a disaster (sorry Kevin lol) so let's do better this time. Ideas? Budget is around $500. Tasha\n\n--- Reply (Nov 8) ---\nFrom: Kevin\nTo: Team\nHaha fair point Tasha. I vote for escape room — team building AND fun. About $25/person so fits the budget for 20 people. Also no dancing required which is a win for some of us 😅 Kevin\n\n--- Reply (Nov 9) ---\nFrom: Priya\nTo: Team\nEscape room sounds fun! But can we make sure there's a vegetarian/vegan food option this time? Last year was rough for those of us who don't eat meat. Also maybe a white elephant gift exchange? Cap at $20. Priya\n\n--- Reply (Nov 10) ---\nFrom: Tasha\nTo: Team\nLove all of this! Escape room + white elephant it is. I'll book Puzzled! on Main Street for Dec 14th — they have a private room for groups. Kevin can you handle food ordering and make sure there are good veggie options? Budget breakdown: $400 escape room, $100 food. Tasha","Team planning office Christmas party: escape room at Puzzled! on Main Street booked for Dec 14th ($400), plus food ($100) with required vegetarian options. White elephant gift exchange added with $20 cap. Kevin assigned to handle food ordering."
E11,thread,negative,customer_support,"Re: Re: Still No Resolution — Ticket #TK-9923","--- Original (Nov 1) ---\nFrom: Helen Park\nTo: Support\nI submitted a bug report 2 weeks ago (Ticket #TK-9923) about data export failing for files over 100MB. This is blocking our entire data team. Still no update. Helen\n\n--- Reply (Nov 3) ---\nFrom: Support Team\nTo: Helen Park\nHi Helen, apologies for the delay. We've escalated this to our engineering team. Expected resolution: 5-7 business days. We appreciate your patience.\n\n--- Reply (Nov 10) ---\nFrom: Helen Park\nTo: Support\nIt has now been 14 business days since my original report and 7 since your '5-7 day' promise. The bug is still present. Our team cannot export anything over 100MB. We have a client demo on November 18th that requires this functionality. This is now urgent. Helen\n\n--- Latest (Nov 11) ---\nFrom: Support Manager\nTo: Helen Park\nHi Helen, I sincerely apologize. I'm escalating this personally to our CTO. The fix will be deployed by November 15th — 3 days before your demo. I will send you daily updates until resolved. You will also receive a 3-month service credit. Marcus","Three-week-old bug (Ticket TK-9923): data export fails for files over 100MB, blocking Helen Park's team with a client demo on Nov 18th. Support missed its 5-7 day promise. Support Manager personally escalated to CTO, committing to a fix by Nov 15th plus 3-month service credit and daily updates."
E12,single,formal,executive,"Board Meeting Agenda — November 28th","Dear Board Members,\n\nPlease find below the agenda for our upcoming board meeting scheduled for November 28th at 10:00 AM EST (Zoom link enclosed).\n\n1. Call to order and approval of October minutes (10 min)\n2. CEO update: Q3 results and Q4 outlook (20 min)\n3. CFO report: Financial performance and revised annual forecast (25 min)\n4. Strategic initiative update: International expansion — India market entry (30 min)\n5. Risk committee report: Cybersecurity posture review (15 min)\n6. Executive compensation review — closed session (20 min)\n7. AOB and next meeting date\n\nPlease review the board pack distributed last Friday prior to attending. The India expansion proposal in particular requires a decision at this meeting.\n\nKind regards,\nEleanor Vance\nCorporate Secretary","Board meeting November 28th at 10 AM EST. Key agenda: Q3 results, financial forecast, India market entry decision (requires board vote), and executive compensation review. Board pack distributed last Friday should be reviewed in advance."
E13,single,positive,sales,"We Won the Henderson Account!","Team,\n\nJust got off the phone with Henderson Industries — they're going with us!!! After 8 months of negotiations, three presentations, and one very nerve-wracking final pitch last Thursday, they've signed a 3-year contract worth $1.2 million annually.\n\nThis would not have happened without the incredible work from: Rachel (lead account exec who built the relationship from scratch), Dev team for the custom API demo that blew them away, and Maria from legal who turned around the contract in 48 hours.\n\nCelebration drinks at The Standard tonight at 6pm — first round on me. See you there!\n\nChris","Henderson Industries signed a 3-year, $1.2M/year contract after 8 months of negotiations. Credit to Rachel (account exec), the dev team (API demo), and Maria in legal (48-hour contract turnaround). Celebration at The Standard tonight at 6 PM, first round on the sender."
E14,single,urgent,it_security,"Phishing Alert — Do Not Click Links in Recent Email","ALL STAFF — URGENT SECURITY NOTICE\n\nOur security team has detected a phishing campaign targeting company email addresses in the last 2 hours. The malicious emails appear to come from hr@company-benefits.net (NOT our domain) and claim you need to 'verify your benefits enrollment' by clicking a link.\n\nIF YOU HAVE CLICKED THE LINK: Disconnect from the company network immediately and contact IT Security at ext. 5555 or security@company.com within the next 30 minutes.\n\nIF YOU HAVE NOT CLICKED: Delete the email immediately. Do not forward it.\n\nWe are investigating and will provide an update within 1 hour.\n\nIT Security Team","Active phishing campaign targeting staff: fake emails from hr@company-benefits.net claiming benefits enrollment verification. If link was clicked: disconnect from network and contact IT Security (ext. 5555) within 30 minutes. If not clicked: delete immediately. Update in 1 hour."
E15,single,casual,feedback,"Quick feedback on yesterday's standup","Hey,\n\nJust wanted to share some quick thoughts on yesterday's standup — I think they've been getting a bit long lately? Yesterday was 34 minutes which is way over our 15-min target.\n\nA few things that might help: maybe we could use a timer, or do the blockers conversation async in Slack instead of live. Also I noticed a few people seemed to zone out during the infrastructure updates — maybe those could go in a separate channel?\n\nNot trying to be critical, just flagging it because I think shorter standups would help everyone's energy levels, especially first thing in the morning.\n\nCheers\nJordan","Jordan flags that standups have been running long (34 min vs 15-min target) and suggests: adding a timer, moving blockers to async Slack, and routing infrastructure updates to a separate channel."
E16,thread,formal,vendor,"Re: Re: Quarterly SLA Review — November","--- Original (Nov 5) ---\nFrom: Vendor Relations, TechCorp\nTo: Accounts Team, GlobalServ\nDear Team, please find attached our Q3 SLA performance report. Overall uptime: 99.71% against contracted 99.9%. Three incidents exceeded our 4-hour resolution SLA. We acknowledge these failures and propose a $4,200 service credit. Please review and confirm acceptance. Regards, TechCorp\n\n--- Reply (Nov 8) ---\nFrom: Accounts Team, GlobalServ\nTo: TechCorp\nThank you for the report. We have reviewed and have concerns: the three SLA breaches occurred during peak trading hours, causing measurable revenue impact estimated at $31,000. The proposed $4,200 credit is insufficient. We request a meeting to discuss appropriate remediation. GlobalServ\n\n--- Latest (Nov 10) ---\nFrom: TechCorp\nTo: GlobalServ\nUnderstood. We take these concerns seriously. We propose a meeting on November 18th to discuss enhanced remediation including: increased credit ($12,500), priority support tier upgrade for Q4 at no charge, and a root cause analysis presentation. Please confirm availability. TechCorp","SLA dispute: TechCorp's Q3 uptime was 99.71% vs contracted 99.9% with 3 breaches during peak hours. GlobalServ estimates $31K revenue impact and rejected initial $4,200 credit offer. TechCorp counter-proposes $12,500 credit plus free Q4 priority support and RCA presentation at Nov 18th meeting."
E17,single,positive,onboarding,"Welcome to the Team — Your First Week Guide","Hi Marcus,\n\nWelcome to Brightfield! We are so excited to have you join us as our new Data Analytics Lead.\n\nYour first week schedule:\n- Monday: IT setup (9 AM, Room 201) + HR orientation (2 PM)\n- Tuesday: 1:1 with your manager Sarah (10 AM) + team lunch (12:30 PM)\n- Wednesday: Product overview with the PM team (all day)\n- Thursday: Access to all systems should be complete; start on onboarding project\n- Friday: End-of-week check-in with Sarah (4 PM)\n\nYour laptop and access credentials will be at reception. Parking is in Lot B. The dress code is business casual.\n\nSee you Monday!\nThe People Team","Marcus starts as Data Analytics Lead. Week 1: IT setup and HR orientation Monday, manager 1:1 and team lunch Tuesday, full-day product overview Wednesday, system access and onboarding project Thursday, end-of-week check-in Friday. Laptop at reception, park in Lot B."
E18,single,negative,internal,"Disappointed by the Sprint Retrospective","Hi everyone,\n\nI want to address something that's been bothering me since yesterday's retro. I felt the session was dominated by two or three voices and several valid points were brushed aside without proper discussion. Specifically, the concerns raised about our testing coverage were dismissed very quickly, and I don't think we gave the deployment pipeline issues the attention they deserved.\n\nI also want to be transparent: I felt personally talked over twice during the meeting, which didn't feel respectful.\n\nI think we all want the retros to be productive safe spaces. Could we discuss establishing some ground rules — maybe a facilitator rotation or anonymous feedback cards — before our next session?\n\nThanks for hearing me out\nErica","Erica raises concerns about the sprint retrospective: session was dominated by a few voices, testing coverage and deployment pipeline issues were insufficiently discussed, and she felt personally talked over. Proposes adding a facilitator rotation or anonymous feedback cards before the next session."
E19,thread,urgent,incident,"Re: Re: Customer Data Exposure — Ongoing Investigation","--- Original (Nov 12, 09:15) ---\nFrom: Security Lead\nAll, we've identified a potential data exposure event. An S3 bucket was misconfigured and may have been publicly accessible for approximately 6 hours between Nov 10 02:00-08:00 UTC. Scope unknown. Incident team assembled. Do not discuss externally.\n\n--- Update (Nov 12, 11:30) ---\nFrom: Security Lead\nUpdate: Forensic analysis complete. The bucket contained 847 customer records (name, email, company only — no financial or password data). Access logs show 3 external IP addresses accessed the bucket. Legal has been notified. We are required to notify affected customers within 72 hours per GDPR.\n\n--- Latest (Nov 12, 14:00) ---\nFrom: Legal Counsel\nConfirmed GDPR notification required. Draft customer notification attached for review. We must also notify the ICO within 72 hours of initial discovery (deadline: Nov 15, 09:15 UTC). PR team is preparing holding statement. All external communications must be reviewed by Legal before sending.","S3 bucket misconfiguration exposed 847 customer records (name, email, company only — no financial data) for ~6 hours on Nov 10. Three external IPs accessed the data. GDPR requires customer notification and ICO filing by Nov 15, 09:15 UTC. Legal reviewing all external comms; customer notification draft in progress."
E20,single,formal,academic,"Submission Decision: ICML 2024 Paper #4821","Dear Dr. Nakamura,\n\nThank you for your submission to the 41st International Conference on Machine Learning (ICML 2024). After thorough review by three independent reviewers, we regret to inform you that paper #4821, 'Adaptive Gradient Clipping for Large-Scale Transformer Training,' has not been accepted for presentation at the conference.\n\nThe reviewers acknowledged the novelty of the approach and the thoroughness of your empirical evaluation. However, the primary concerns were: (1) insufficient theoretical justification for the clipping threshold selection, (2) the baseline comparisons did not include two recent state-of-the-art methods (GradSkip and AdaClip-v2), and (3) the scalability experiments were limited to models up to 7B parameters.\n\nWe encourage you to address these concerns and resubmit to a future venue. Reviewer comments are attached.\n\nBest regards,\nICML Program Committee","ICML 2024 rejected paper #4821 on adaptive gradient clipping. Reviewers praised novelty and empirical work but flagged: weak theoretical justification for threshold selection, missing GradSkip and AdaClip-v2 baselines, and scalability tests limited to 7B parameter models. Reviewer comments attached."
